,classNum,num,rate
0,1,1998603,0.8742034267358179
1,2,41343,0.018083727619511686
2,3,71415,0.03123743821075943
3,4,158427,0.06929711718008799
4,5,8678,0.003795820048910878
5,6,1220,0.0005336368356385424
6,7,6513,0.0028488333692736284
